episode,path_time,original_time,infer_time,total_reward
1,1124.1627197265625,1280.4232177734375,1.9213263988494873,171.88658142089844
