episode,path_time,original_time,infer_time,total_reward
1,11960.7578125,13061.8046875,4.0280983448028564,1211.155029296875
