episode,path_time,original_time,infer_time,total_reward
1,12804.0615234375,15088.7333984375,0.7210407257080078,2449.105712890625
